Tiempo (s),Pitch Accel (°),Pitch Kalman (°),q (°/s)
0.06750082969665527,-5.07450517353281,-4.926712858396758,-0.9770992366412212
0.1746959686279297,-4.945452108146664,-5.001983120559462,-1.0916030534351144
0.2812039852142334,-5.699683029400386,-5.431649080400395,-1.0
0.388103723526001,-5.95727149552061,-5.797650875573144,-0.8854961832061069
0.7459232807159424,-5.63627490632025,-5.84860504930774,-1.0229007633587786
0.8524866104125977,-5.604870958171082,-5.895907164769184,-1.0458015267175573
0.9603374004364014,-6.619116679846503,-6.300217566846786,-1.1221374045801527
1.0673620700836182,-5.70999589585007,-6.15536340048758,-1.0381679389312977
1.1744956970214844,-5.999200830517588,-6.176673997619494,-1.1297709923664123
1.2815978527069092,-5.723527586496105,-6.1057083035629285,-1.0763358778625953
1.3886725902557373,-6.113624396505148,-6.167323888860145,-1.1450381679389312
1.4951438903808594,-4.92069321013963,-5.898170084308443,-1.0610687022900764
1.6020021438598633,-6.416155149612993,-6.006615388780023,-0.5343511450381679
1.7440211772918701,-5.573448430352538,-5.928364824090428,-0.8854961832061069
1.8505890369415283,-5.9552897024278995,-5.969775816032713,-1.0458015267175573
1.9580934047698975,-5.932289651069703,-5.973298673964819,-0.8702290076335878
2.065032720565796,-5.75420437479859,-5.905481851881334,-0.4885496183206106
2.170959711074829,-6.187753426195276,-5.958682575370372,-0.7175572519083969
2.2769103050231934,-5.449109602438885,-5.858456384714129,-0.7404580152671756
2.3828327655792236,-6.015290425519051,-5.899711510633091,-0.9389312977099237
2.4887564182281494,-5.399142871452823,-5.838558450637941,-1.1908396946564885
2.594686985015869,-6.027281866967903,-5.894731208292528,-1.1221374045801527
2.7006189823150635,-5.236762512565489,-5.80163008806326,-1.1908396946564885
2.8068103790283203,-5.283312929174104,-5.613874469716366,0.09923664122137404
2.912748098373413,-5.922277764329558,-5.665619277609673,-0.9847328244274809
3.0186843872070312,-6.098101983821307,-5.948596196029808,-3.3435114503816794
3.1246070861816406,-5.73920263357565,-6.03715792786075,-2.4122137404580153
3.231813907623291,-6.321637682977508,-6.189623570205674,-2.16793893129771
3.337805986404419,-5.736670140694378,-6.203220827786608,-2.0839694656488548
3.443779706954956,-6.7927306606993385,-6.318101103081323,-1.183206106870229
3.5497653484344482,-6.359498126310153,-6.1077576939853016,1.5190839694656488
3.6557514667510986,-5.92382239776322,-5.838694425972986,1.7786259541984732
3.761704921722412,-4.810954997604476,-5.545601821511616,0.3282442748091603
3.867659091949463,-6.93273071614532,-5.637600986050338,0.7404580152671756
3.9735684394836426,-5.512232308219591,-5.566301267321819,-0.2442748091603053
4.079501390457153,-6.019927494725028,-5.561535030756105,0.17557251908396945
4.185412645339966,-5.87184767915449,-4.557834439833349,11.465648854961833
4.291314601898193,-5.389594513830669,-4.8822152816681985,-2.4732824427480917
4.397289752960205,-5.241799465991984,-4.564931897694914,4.038167938931298
4.503460168838501,-5.3284340133053805,-5.1031090177255205,-4.8320610687022905
4.609533309936523,-8.726505055822274,-6.8423750370526175,-12.664122137404581
4.7155396938323975,-10.596890050126134,-11.48279587784525,-45.396946564885496
4.822568416595459,-22.096829932829614,-10.813531967808466,29.61832061068702
4.929620265960693,-14.223238596476039,-8.167796938044216,39.404580152671755
5.036595582962036,-10.158801650445376,-15.898790167207862,-80.42748091603053
5.143863201141357,-14.94650186272205,-16.268221790134035,-3.8091603053435112
5.250925302505493,-21.9493600354862,-15.033349185024687,27.748091603053435
5.3578040599823,-10.088801059683849,-8.437096620893142,68.66412213740458
5.464839935302734,-15.322221957164638,-9.31880145570154,7.9465648854961835
5.5718772411346436,-7.738806231963532,-9.632875073595724,-1.7786259541984732
5.678927421569824,-6.951240587567949,-9.408547869636669,1.7099236641221376
5.785699844360352,-7.752125159506039,-9.213810795072032,2.984732824427481
5.892771005630493,-7.305787206411613,-9.13022611914447,0.900763358778626
5.999774694442749,-7.380888782602646,-9.146636340828396,-0.2748091603053435
6.106883525848389,-6.189369714911348,-8.170087279177007,8.206106870229007
6.2136945724487305,-6.678600100324745,-7.745978293551657,4.519083969465649
6.320796489715576,-5.4333321836559785,-7.333341151919492,2.4885496183206106
6.427634954452515,-4.898109607728357,-6.984913556772103,1.1221374045801527
6.534756422042847,-5.321343019380405,-6.5407109883835135,3.381679389312977
6.64186954498291,-4.252126860488429,-6.44048114601509,-2.068702290076336
6.748881578445435,-3.9022634404458545,-6.110318904958068,-0.40458015267175573
6.855700969696045,-4.765533540125208,-5.965417703057789,-0.5114503816793893
6.962569713592529,-4.547423353483539,-5.705840122706506,0.40458015267175573
7.0695812702178955,-4.961083022827514,-5.393258090910341,2.1603053435114505
7.176383018493652,-3.9951408272165225,-5.076991412296809,0.7709923664122137
7.283433198928833,-3.377056287082881,-4.651352411992006,1.183206106870229
7.390563011169434,-4.279159704359538,-4.894226559592709,-3.969465648854962
7.497400760650635,-2.8561860612914995,-4.689528521022965,-2.4122137404580153
7.604426860809326,-4.190283563571869,-4.582831923142477,-0.7404580152671756
7.71124005317688,-3.760497823741174,-4.298420843395332,0.5419847328244275
7.818331241607666,-3.7677232905596725,-4.112153247484989,-0.08396946564885496
7.9252002239227295,-4.5702578542659005,-4.214283263311183,-1.4122137404580153
8.03202509880066,-2.787248559510175,-3.81855384550156,0.46564885496183206
8.138929605484009,-2.9023470185892117,-3.635778189373161,-1.1221374045801527
8.245990991592407,-3.7236982444170774,-4.010307331599255,-5.564885496183206
8.352815866470337,-5.198784000696118,-7.34816867644409,-37.11450381679389
8.459901809692383,-13.226598597932446,-9.417469137355388,-13.50381679389313
8.567017316818237,2.0768782162100243,-6.347565817293567,10.183206106870228
8.674103736877441,-5.512783932292178,-5.998566290332224,-0.6335877862595419
8.78113603591919,-4.244420430332335,-5.249445729946975,1.9389312977099238
8.88796877861023,-4.672748364344959,-4.778683404856213,0.9847328244274809
8.995061874389648,-4.659428728293217,-3.8015663207395343,7.694656488549618
9.102179527282715,-2.182774143092005,-2.8175806203572487,4.8396946564885495
9.209216594696045,-1.3258143008318775,-0.9263637466966023,15.305343511450381
9.316279649734497,-0.40446411585426406,-0.5736557541057832,-0.1450381679389313
9.426624059677124,-0.25271532602772023,4.084183130142475,49.282442748091604
9.533490896224976,2.3928810910924243,4.5508404921441405,6.290076335877862
9.640119552612305,2.0737828575873474,4.427390635164824,1.8931297709923667
9.746160745620728,2.5843372269211584,4.141217735646935,-0.8015267175572519
9.852094650268555,2.2759357103123485,3.695734535553468,-2.282442748091603
9.958046436309814,2.4755791641643707,2.6138253491966315,-10.664122137404581
10.064631938934326,1.2553770619855804,1.5140888530987924,-10.549618320610687
10.1722571849823,-1.4422002440998771,0.09458196487034966,-10.816793893129772
10.278231143951416,-1.5374449214713877,-1.4961534945962975,-15.045801526717558
10.384182453155518,-2.9802513248912836,-2.8951741787489795,-13.374045801526718
10.490235090255737,-4.87341866435278,-3.855134173006381,-7.2748091603053435
10.596452951431274,-4.482399577220537,-4.131935343539178,-2.0076335877862594
10.70275616645813,-4.668298787093873,-4.3657757095046685,-1.6259541984732824
10.808733940124512,-4.4959189696835855,-4.512687451663643,-1.4045801526717556
10.914652109146118,-4.9702802695176835,-5.035114591999575,-5.0534351145038165
11.020562648773193,-4.92755417544915,-5.102432031129484,-1.0
11.126471281051636,-4.278168076402699,-5.081340167671176,-1.4961832061068703
11.232368469238281,-0.5359628308951107,-4.437550833231161,-2.16793893129771
11.338322162628174,-18.28990052252147,-6.9629984602966095,-1.4732824427480915
11.444312810897827,-4.66150723558349,-6.730107341054582,-0.7709923664122137
11.550572156906128,-1.7127010071617883,-5.743614675464445,1.8778625954198473
11.656837701797485,-4.016452086682725,-5.372248162852079,0.7709923664122137
11.762819051742554,-4.535071937313333,-5.416241769148522,-2.435114503816794
11.8687584400177,0.41882231514930124,-9.551817295080271,-60.01526717557252
11.974684000015259,-17.819237018778008,-15.271768386614008,-51.12977099236641
12.080623388290405,-14.767840195010105,-24.973101483990373,-114.52671755725191
12.186542749404907,-32.60233689218623,-27.775712601941052,-20.435114503816795
12.292458772659302,-24.233019972074793,-16.997524507853147,113.7175572519084
12.398392677307129,-10.651554291360451,-14.770204697936883,11.022900763358779
12.504486083984375,-12.45055758621674,-11.96101077473555,25.16793893129771
12.610771656036377,-3.7442607553787726,-7.9785331039064245,26.580152671755727
12.716723918914795,3.0577124473118342,-7.615374995702419,-21.64885496183206
12.822625637054443,1.6342857760544969,-5.400770224378039,1.1374045801526718
12.928527355194092,-2.1585991316425996,-3.386956536628161,9.816793893129772
13.034442663192749,-1.5326550822106324,-0.3397753342335643,24.320610687022903
13.14035439491272,4.10091911072574,0.17732622320471556,-9.885496183206106
13.246283769607544,3.952442944427791,2.1975375060766487,7.99236641221374
13.35221552848816,11.975084252253357,4.384311184010435,-2.83206106870229
13.458320140838623,2.178997682719901,2.05886115374614,-31.526717557251914
13.564603567123413,-10.56159794730345,-5.563626515290612,-70.93129770992367
13.670896291732788,-4.3097402625227295,-3.547560829750041,12.17557251908397
13.776876449584961,31.662115212483744,1.062471702363304,-27.83969465648855
13.883159637451172,12.072907908908094,0.06804971900584725,-48.541984732824424
13.99071216583252,9.480655504291803,2.8671108189058523,-4.076335877862595
14.097030878067017,11.10324493756884,5.8738284002365235,-0.8473282442748091
14.20301342010498,12.807425509474868,9.849337152293712,12.099236641221374
14.308942556381226,11.052368268046813,11.730750980166786,-0.6335877862595419
14.414838790893555,6.126043980945351,12.618051238818254,2.145038167938931
14.521608114242554,9.189669475363873,13.754980366310626,1.8244274809160306
14.628580570220947,6.163351942246497,13.235823800336263,-7.778625954198474
14.73537015914917,6.677963050061089,14.108283692615606,7.3893129770992365
14.842219591140747,16.514149825135643,18.937576213487578,35.717557251908396
14.94899296760559,20.13383014307272,18.92762742427141,-16.580152671755727
15.055869817733765,9.126678223993077,16.91549987046846,-17.076335877862597
15.162763595581055,5.3186506701074086,16.02669071684095,1.015267175572519
15.26953411102295,13.282492134283178,15.201668667434802,-14.290076335877863
15.376530885696411,16.003465001538338,14.458257424950041,-20.267175572519083
15.48354196548462,7.744805614505516,14.54974646169208,4.396946564885496
15.59039044380188,8.72698835101788,14.636085011135156,3.8778625954198476
15.697229623794556,8.702864591892679,15.340023603628016,12.36641221374046
15.80417537689209,12.459533953729274,16.025323603736656,7.213740458015268
15.911113977432251,16.92820599676783,16.508511458123152,-2.1603053435114505
16.0179660320282,10.19315823154552,14.492710206250255,-15.916030534351144
16.124808311462402,10.09349284415078,13.255086905786648,-10.114503816793894
16.231626510620117,14.555214398995943,16.575187595915345,30.832061068702295
16.33865785598755,13.303642451657675,17.050081666464386,8.16030534351145
16.445678234100342,13.744879220756445,17.226176711789584,5.557251908396947
16.55255889892578,20.022496735168765,18.33579804738869,4.366412213740458
16.659541845321655,18.566999067986515,18.305380396136947,-3.6946564885496183
16.766637325286865,15.674592489695607,18.783682856793906,7.931297709923665
16.873436212539673,17.428121661738206,19.119103138143963,4.305343511450381
16.980262994766235,20.88671209126436,19.69830608789474,1.0229007633587786
17.087071180343628,20.915474131660684,18.840816563342468,-14.488549618320612
17.193889379501343,26.447832174056565,18.006024516104635,-27.786259541984734
17.30066418647766,22.465816167841854,19.255178054140387,0.7786259541984732
17.407685041427612,12.540710958244656,18.78305518992577,3.450381679389313
17.51477360725403,13.801701076694382,17.429946395881633,-8.900763358778626
17.621867418289185,7.0661181325378655,16.33403426010047,5.809160305343512
17.728756427764893,4.6300199336879535,15.481011584355189,13.198473282442748
17.83523392677307,19.02586764200847,11.869210618473813,-47.43511450381679
17.942342042922974,12.197450249067527,7.271553100667992,-53.69465648854962
18.049165725708008,11.846126921001732,5.669582851692903,-28.96946564885496
18.155953407287598,11.797999965628552,7.420317228772496,4.793893129770993
18.263017416000366,15.359300404427252,11.312043207744948,24.641221374045802
18.37006950378418,16.49746729260884,15.697663772938416,35.02290076335878
18.47706437110901,14.518700079343233,20.276633086280864,50.13740458015267
18.584110260009766,14.067156796475269,17.99107986496646,-16.595419847328245
18.691186666488647,15.489728925798662,20.901682496755097,35.80152671755725
18.79807710647583,19.873386027786285,19.470381257675143,-15.603053435114502
18.904879808425903,13.968536332384021,16.559506328227503,-23.404580152671755
19.011686325073242,16.479099017055002,15.759564672441245,-9.938931297709924
19.11857581138611,19.22279695278916,16.235557849590602,-2.801526717557252
19.225372791290283,20.677020609796138,18.38669961680513,13.702290076335878
19.33215022087097,25.284928985030035,21.7699868130665,22.274809160305345
19.43916606903076,19.051204601771783,24.008036582242298,28.259541984732824
19.54623055458069,14.022194048138351,25.775226143885728,38.74809160305343
19.653209447860718,17.75790186747804,25.28263036953221,11.320610687022901
19.760311603546143,12.174350616516904,23.558142048740038,9.259541984732824
19.86724328994751,12.643842828543386,24.63883958822953,39.0
19.974146127700806,13.601431540899025,21.178931440252008,-10.068702290076336
20.080998420715332,14.275563191237515,17.591786777894797,-18.49618320610687
20.187874794006348,20.693910257309597,12.531944631998142,-55.229007633587784
20.294710874557495,18.39506336389464,7.642671579363586,-60.57251908396947
20.40177631378174,17.193416999711616,7.009930414228476,-21.763358778625953
20.508885622024536,15.453151556055307,5.962559750548292,-26.198473282442748
20.6158664226532,12.428642382801815,3.1234716907741715,-44.48854961832061
20.722941398620605,4.715335306597308,-1.3700195738007475,-55.25190839694657
20.829771518707275,0.5606828836395816,-2.934983346502376,-23.763358778625953
20.936596393585205,8.722169637844962,-4.888289901331762,-48.94656488549618
21.043439626693726,2.839129237609911,-2.04105052086984,11.198473282442748
21.150484085083008,1.160435719589026,-2.7882314436256848,-21.519083969465647
21.257625102996826,-3.0796090782308934,-3.27256685858474,-12.122137404580153
21.364646911621094,-9.108955655513393,-3.613388556462686,0.8473282442748091
21.4723162651062,-8.489937421694368,-3.9798311476263093,-0.2900763358778626
21.58067774772644,-0.13581717259554804,-3.306574892824463,-5.450381679389313
21.687986135482788,3.591059828241117,-2.000025307688512,-5.190839694656488
21.795330047607422,4.450341663358005,-1.0629904193067312,-9.595419847328245
21.90257978439331,6.079273109521082,3.0141686674762784,23.53435114503817
22.009403944015503,3.229934014675493,3.2885026400492707,-6.0458015267175576
22.116843223571777,5.770801392323044,4.211105619485113,-3.3053435114503817
22.223855018615723,4.037143985311813,5.0341075211745885,0.6870229007633588
22.331072330474854,3.8924737626414485,5.8914527876726375,3.2824427480916034
22.43805456161499,3.106690159696965,6.163157165383847,0.3893129770992366
22.54543161392212,-2.419065667127043,2.8333488177265247,-28.114503816793892
22.65280294418335,-7.100598480565179,5.943606205041582,48.9236641221374
22.759931325912476,-8.886767653986418,1.2403964098581264,-27.16793893129771
22.86734127998352,-4.884333855781584,-1.2882759092968905,-18.30534351145038
22.974811553955078,9.860936759418514,-0.6514580812460408,-16.9618320610687
23.08180284500122,22.982603502937827,4.942645332553371,11.618320610687023
23.18862271308899,29.697243385966722,4.76682790056947,-60.099236641221374
23.295647144317627,13.7200916325306,0.8422280076332549,-75.38167938931298
23.40295171737671,10.194110890462154,4.443731015449251,7.106870229007634
23.509568691253662,-4.862840031592808,1.793461067498026,-26.954198473282442
23.61659264564514,-7.680742086942634,2.060701717882606,8.022900763358779
23.723244190216064,-9.390566208186442,0.7908065328623964,-3.5572519083969465
23.830077409744263,-9.472606457103899,-2.8265084462646377,-30.77862595419847
23.937106370925903,-2.707945789448762,-2.1768860976208133,-2.030534351145038
24.04393172264099,6.419550177940162,-1.1287678896426039,-14.786259541984732
24.150742292404175,8.850735618297513,0.4734686895158871,-12.83206106870229
24.257857084274292,4.727484805107065,1.6395542763273523,-7.732824427480916
24.364540100097656,4.459896525526979,2.588075094670181,-7.908396946564886
24.471554040908813,5.284685271352374,3.93433976425927,-3.4580152671755724
24.578637838363647,3.739894325041008,4.713364584975771,-4.297709923664122
24.68539524078369,1.4565669597257807,5.311898250594469,0.12213740458015265
24.792530298233032,2.2459713628780094,5.591790900641942,-3.099236641221374
24.899338006973267,3.461441468164397,5.104260932062758,-13.106870229007633
25.006409168243408,-0.8679031259644546,4.271737684782845,-8.816793893129772
25.11320686340332,4.039813471456899,6.3650521068059245,13.763358778625955
25.22024893760681,-0.048847277984148785,6.602918313105053,5.816793893129771
25.32729411125183,-0.8481519488548399,7.105189441992008,12.274809160305344
25.434431076049805,-2.214917983619103,6.944710817980649,10.16030534351145
25.54149842262268,-0.9907835031584193,8.399780977240333,27.557251908396946
25.648319959640503,3.3929328366510676,10.681603321502635,32.88549618320611
25.755355834960938,3.1523889074837737,10.758250033106894,14.435114503816793
25.862244606018066,4.560058831395572,9.85313066515456,2.015267175572519
25.969038248062134,10.506636656412915,8.688851440435272,-13.961832061068701
26.07611393928528,8.955058161822512,8.017671572368618,-7.908396946564886
26.18317151069641,6.454436723221415,7.809762470262459,0.9541984732824429
26.290281534194946,7.3073430735309035,7.472775903555344,-2.4198473282442747
26.39728879928589,6.332619426455782,8.448676265314392,13.877862595419847
26.504297494888306,3.776770195051541,11.088233976162574,40.534351145038165
26.611304759979248,8.613633138937129,11.831510820761133,15.877862595419847
26.71839427947998,6.852614344104634,13.295336174614349,29.885496183206108
26.825175046920776,2.461845049643741,12.30827952595948,15.267175572519086
26.932154655456543,-0.7505867428851437,9.61388197259218,2.3511450381679393
27.03895378112793,-6.014133150236766,8.035055657153455,22.442748091603054
27.14604687690735,-6.009479703051746,5.274720873207212,8.541984732824428
27.253074645996094,-2.0164834297589835,4.243883035880707,16.671755725190838
27.3601336479187,7.284808792753073,5.380127948948915,21.419847328244273
27.467161417007446,7.87656067331408,3.467338623955074,-12.595419847328245
27.573984384536743,6.140294050781318,0.9638209927862753,-20.580152671755727
27.6810245513916,2.2194134390236724,-0.8753083809913083,-11.183206106870228
27.7881760597229,2.7911218994458054,-2.1137617828590805,-9.86259541984733
27.894997358322144,-0.25243927368597735,-6.092138920509907,-38.3206106870229
28.002086400985718,-8.659285937242462,-8.643749498284643,-14.251908396946565
28.109136819839478,-8.079911794357347,-10.498774276357683,-12.67175572519084
28.216158628463745,-10.12921669227183,-9.502574074967995,19.717557251908396
28.323174953460693,-10.331446065212731,-9.748119636548347,8.15267175572519
28.430251359939575,-3.3147970912514584,-7.203904730266213,25.15267175572519
28.537291765213013,1.7250876628175829,-2.812280234655792,40.282442748091604
28.644304513931274,1.9376251954394028,-0.4574445719081093,24.748091603053435
28.751363277435303,3.0868897395209656,-0.7617943531522094,-3.5648854961832064
28.85818862915039,5.305425890940083,0.4773177346064891,8.068702290076336
28.96523904800415,1.379373305635604,-0.3402837496646075,-5.755725190839694
29.072290420532227,-5.07337537873579,-5.235973623338425,-40.969465648854964
29.17959237098694,-4.927630844390119,-7.186899540462961,-17.801526717557252
29.28651213645935,-6.080345288578693,-8.453040641846899,-12.068702290076336
29.39367365837097,-5.14342883887999,-9.082266317485788,-9.86259541984733
29.500913858413696,-3.76991225437805,-9.72385494937577,-14.847328244274811
29.608415603637695,-7.6271988251702005,-10.13897600827219,-6.916030534351145
29.71569037437439,-6.982441092738968,-10.054610628973315,-3.885496183206107
29.822691679000854,-6.333917563256159,-9.580520303225711,-1.2442748091603053
29.92956519126892,-8.794920487123777,-9.258075914669089,2.404580152671756
30.03642225265503,-7.172501936203547,-8.815007149075107,1.015267175572519
30.143287897109985,-7.087588360443477,-9.413748710155579,-10.473282442748092
30.25010085105896,-11.163200400394198,-10.874017328112748,-13.618320610687023
30.357306718826294,-12.886675053926304,-12.022201457039232,-9.465648854961833
30.464656591415405,-8.756273841560573,-11.56100208911264,-1.7633587786259541
30.571866035461426,-12.769076426691187,-13.721934136706091,-23.022900763358777
30.678709506988525,-14.040558002023722,-16.357242486054993,-30.404580152671755
30.78550410270691,-14.840630776372977,-15.696045344319655,2.885496183206107
30.89232349395752,-12.525391506361785,-14.950067020200281,0.2824427480916031
30.999109983444214,-14.027308916261081,-14.09673529127627,5.641221374045801
31.105936765670776,-19.642949461366477,-16.135667544685003,-14.099236641221376
31.212746620178223,-15.489368663194277,-15.49713795118818,4.450381679389313
31.319724321365356,-13.380979966407008,-14.704199583027258,3.1908396946564888
31.426997661590576,-11.138368879744595,-11.282777208589064,29.90076335877863
31.53433394432068,-13.640158541011198,-13.506659987018558,-22.221374045801525
31.641529321670532,-18.451058103259406,-16.460189531807018,-25.27480916030534
31.748823404312134,-14.679883133036816,-15.049734047020376,10.992366412213741
31.85565185546875,-14.552830214901993,-13.892490849661808,10.709923664122137
31.962498426437378,-13.39334053435254,-12.293973780801108,15.908396946564885
32.06930184364319,-14.271761622391635,-14.424371895205246,-21.351145038167942
32.17608141899109,-10.607902245250926,-13.474153592769074,1.8702290076335877
32.28289771080017,-9.115638697140442,-10.764531002643743,20.27480916030534
32.390135288238525,-12.02817441747263,-9.271057593978533,17.610687022900763
32.49738311767578,-6.309506518183119,-0.9343863740243515,87.06870229007633
32.60456824302673,-0.7791595572884096,2.706086625023127,40.778625954198475
32.711665391922,-2.9842193292666637,0.09400150972353864,-17.748091603053435
32.818588733673096,2.6275817266258366,0.26865179502147446,-2.2900763358778624
32.925426959991455,-8.49671777448568,-8.268056155713458,-78.93129770992367
33.03226709365845,-17.05823228495209,-10.999508410173616,-12.610687022900763
33.13908886909485,-12.070305228335425,-8.376358200137389,33.86259541984733
33.24596190452576,-9.473282020415104,3.6107201623727283,141.59541984732823
33.35318684577942,3.446461984524544,-0.8789925156963021,-45.79389312977099
33.46057319641113,6.622098720933702,4.739632615486286,52.6793893129771
33.56772041320801,10.634316513507782,2.4594565071882215,-34.14503816793893
33.674729347229004,-17.720397925414282,-2.2690501445851305,-10.221374045801527
33.781614780426025,-1.3167777252378994,-10.58434778592208,-91.54961832061069
33.88843894004822,0.9729611962566364,-4.738634674928622,46.38931297709924
33.99525856971741,-4.126828990820382,-8.685840873322412,-44.030534351145036
34.10209035873413,-3.4668778509021183,-7.159644474716913,8.068702290076336
34.20892882347107,-13.260204664620577,-9.289527744948368,-11.145038167938932
34.31571555137634,-15.305672572389579,-9.299365983313024,13.6793893129771
34.422966718673706,-9.969931438321153,-9.844306500591157,-2.2061068702290076
34.530293703079224,2.400190754683928,-5.7275520685475945,24.343511450381683
34.637306928634644,-17.299108123031267,-9.947565605320268,-23.290076335877863
34.74437713623047,-2.2280833462849334,-0.8948788238827604,89.8473282442748
34.851160287857056,-1.3718011464792013,-1.5407943513912374,-3.603053435114504
34.95806264877319,-14.238350555256217,-4.925177448623422,-9.786259541984732
35.06488585472107,-8.293259654809672,-4.154348592526663,20.33587786259542
35.17170262336731,2.720820261305843,1.3918036235602147,54.6412213740458
35.278523445129395,6.761334841789861,-0.27486639190429213,-24.885496183206108
35.38551664352417,25.02038181329675,2.5055443324259414,-16.480916030534353
35.492531538009644,22.20425167101657,5.579800301089466,-6.1603053435114505
35.59954333305359,14.674080387563263,2.2907814005844624,-60.267175572519086
35.706608295440674,2.298115573401177,3.1149390568709823,2.763358778625954
35.813414573669434,9.107014466862974,3.6867606158885144,-12.236641221374045
35.920191287994385,13.2119146584168,-1.9895589457316243,-91.9618320610687
36.027016401290894,5.839954521404909,-0.7768494771758332,-12.86259541984733
36.13383674621582,1.291109898609775,-2.508289772293721,-35.961832061068705
36.2406222820282,4.392572304832748,1.1488582193537307,14.854961832061068
36.34769368171692,11.925049283322519,4.3494330552066645,1.0305343511450382
36.45474863052368,7.273592583974112,8.623198497595583,27.801526717557252
36.561795711517334,8.077722728923487,12.537513644158352,31.099236641221374
36.668753147125244,7.2204750403584095,13.311460608947806,6.015267175572519
36.77556586265564,4.084128364840951,12.017890305303975,-8.282442748091603
36.88261365890503,-5.9685477050297395,6.558867971140391,-36.229007633587784
36.989938735961914,-7.072753940008403,2.48428417538384,-26.80916030534351
37.09728693962097,0.5050990153113928,9.905967340491301,81.96946564885496
37.20448350906372,8.108165994873534,19.48351471070576,108.02290076335878
37.31166219711304,5.271019991469035,20.913334990368337,43.19847328244275
37.41888403892517,5.705604380487355,23.31102907018723,59.42748091603054
37.52604055404663,11.917538536128562,15.71252922717208,-58.572519083969475
37.6328444480896,8.23791752969983,11.271114192840425,-30.00763358778626
37.73989772796631,-4.622593408933746,7.028928259111002,-9.885496183206106
37.8467435836792,-6.781151365319087,5.7246071264352745,21.69465648854962
37.9539155960083,1.1006621939890933,-0.07715609167914331,-46.00763358778626
38.060731410980225,-4.807452175954476,-8.458253009056685,-75.20610687022901
38.16775846481323,-14.449433988850565,-14.219487369077125,-43.725190839694655
38.274818658828735,-19.25626232008016,-18.490699376559053,-28.54198473282443
38.38158702850342,-21.446485177642774,-21.07583234179938,-13.442748091603056
38.48858976364136,-18.235448738978224,-20.365451191339147,12.290076335877863
38.59562802314758,-17.029531493963372,-18.503363686682412,23.96946564885496
38.70273518562317,-16.687860612217666,-19.47964915330418,-5.557251908396947
38.80991077423096,-19.228959397083642,-20.071085939753473,1.4809160305343512
38.91696071624756,-17.567752130460896,-20.087770000074922,3.2442748091603053
39.02349829673767,-18.477710161868856,-21.14486085835415,-7.33587786259542
39.13045310974121,-15.855209876285118,-20.751961646346917,1.1068702290076335
39.23737144470215,-13.423769794316947,-20.341862124376398,-3.83969465648855
39.34722828865051,-11.613897568042972,-18.9156045608453,3.4732824427480917
39.453327894210815,-11.4951641160221,-18.441319200575087,-5.984732824427481
39.559699058532715,-5.7004562511703085,-20.44643104868535,-47.25190839694657
39.66588234901428,-17.060860503564466,-18.45382628646747,15.129770992366412
39.77182149887085,-20.51392481053419,-22.035516870670666,-37.88549618320611
39.87776970863342,-13.899395172607331,-21.473693765110145,-11.67175572519084
39.983670473098755,-22.04807595739079,-19.52088907315956,20.81679389312977
40.0895836353302,-11.792394872984001,-21.79934308626234,-44.49618320610687
40.19552683830261,-14.253924964828188,-17.814583233293362,25.938931297709924
40.30142641067505,-11.611237243290587,-16.85861989849046,-6.83969465648855
40.407334089279175,-12.48831793640464,-15.482087086410493,0.7251908396946565
40.51344156265259,-17.32265341819544,-15.15159762664035,0.8778625954198475
40.61934208869934,-13.132303754307035,-12.00528527213555,25.763358778625957
40.72522711753845,-7.245312542673225,-14.310277077644749,-42.37404580152672
40.83115267753601,-17.2300023260712,-11.77431579985101,27.732824427480917
40.93708086013794,-8.834084296363327,-7.5719488328651305,35.908396946564885
41.043238162994385,-3.081148198697232,-9.219415902977788,-34.3206106870229
41.14929389953613,-12.460284159017974,-7.474132489990056,19.358778625954198
41.2552375793457,-7.839528755152527,-9.409506209985137,-27.82442748091603
41.361132860183716,-3.884507003060867,-7.285499887127781,6.374045801526718
41.467042207717896,-6.447705700442298,-5.54699772899233,10.931297709923664
41.57296538352966,-6.689146564123808,-1.3028510566375597,44.030534351145036
41.678871154785156,-3.7623954289841848,-3.0319290438401874,-20.893129770992367
41.78477358818054,-3.6402217444348537,1.3313005300123077,45.52671755725191
41.890674114227295,-5.1398436771074385,1.3690653971859856,8.86259541984733
41.996586561203,-1.2845571352226353,3.0590993946659766,21.30534351145038
42.10249185562134,-0.3723181501362193,3.3042722267698728,7.1603053435114505
42.20838165283203,1.092822268363382,-1.0560383726091425,-47.61068702290077
42.31430768966675,-8.430604305932764,-5.411935027907975,-37.33587786259542
42.420212745666504,-9.8994687338293,-5.231993290409214,9.50381679389313
42.526134729385376,-5.675062862487727,-4.691370814270586,6.251908396946565
42.63213396072388,-1.0022131988640604,-7.519190204791449,-40.82442748091603
42.73815894126892,-20.16751651632586,-24.782274989177882,-174.26717557251908
42.84407043457031,-23.073103445743502,-23.73845732724754,5.549618320610687
42.95003151893616,-29.38995135728881,-19.7179597036949,54.85496183206107
43.055978775024414,-15.202535159771125,-17.140584324726234,19.213740458015266
43.16192388534546,-21.068846149847,-18.479762798696143,-8.801526717557252
43.26781392097473,-8.832206281784416,-15.861472625966888,9.229007633587786
43.373767375946045,-9.652643752511137,-12.987718469276775,17.85496183206107
43.47973608970642,1.4504626364907869,-9.154144181118847,11.229007633587786
43.58562111854553,2.7523218043095645,-2.999300806331973,41.02290076335878
43.69152092933655,0.9745311104596959,-1.8373439252095858,-1.1984732824427482
43.79743051528931,1.7833854773561943,-1.589700921021642,-11.557251908396946
43.90334224700928,1.5250973125218965,-6.370144364932953,-69.04580152671755
44.00923442840576,-32.910792209109616,-11.934879219620056,-18.46564885496183
44.11513829231262,14.453058954710572,3.572021281162204,118.99236641221376
44.221057653427124,-8.105436705386884,-5.959955044218228,-92.74045801526718
44.32781672477722,-6.874816724672517,-6.469890431317949,-10.717557251908397
44.43484926223755,-11.885959739043962,-10.719841678142132,-44.06106870229008
44.54188394546509,-25.20775408317963,-19.79519977896995,-80.12213740458016
44.64886426925659,-23.754648762806003,-23.81640945297087,-43.02290076335878
44.756027936935425,-23.278254371739912,-23.88444154531818,-7.221374045801527
44.86326241493225,-28.066378280817272,-24.86468247697035,-8.0381679389313
44.970465660095215,-25.101839463495512,-23.218838676079237,14.396946564885495
45.077523708343506,-26.525666802782162,-23.21280933584292,2.427480916030534
45.18515968322754,-20.51051920977989,-24.05612497195469,-18.900763358778626
45.293386936187744,-32.04944045243412,-23.028305230183946,23.610687022900766
45.400479793548584,-23.93196835122671,-21.26471226599663,19.076335877862597
45.50731158256531,-12.297505392639527,-17.84520569470008,18.389312977099237
45.61440825462341,-16.092597071345423,-14.005074061315538,37.00763358778626
45.721219062805176,-17.536440455657132,-10.453815249347711,44.908396946564885
45.827985763549805,-9.82541379619596,-6.678964551201689,40.44274809160305
45.93480467796326,-8.803130659294963,-5.819693333428266,13.435114503816793
46.0416214466095,-14.587968499809225,-2.1858223655749986,59.3587786259542
46.148372173309326,-8.080767958083573,-3.0774313972675302,4.282442748091603
46.255364179611206,3.6958035031486154,-5.367213590067664,-36.725190839694655
46.36246109008789,-1.6914478827016717,-6.343676462527209,-17.14503816793893
46.46945333480835,-14.85691467577426,-11.290699648274419,-38.282442748091604
46.57647442817688,-14.264182669295662,-13.539262279670806,-18.221374045801525
46.68351101875305,-13.170929130664486,-15.010548693075602,-16.068702290076335
46.79061818122864,-15.729116599323351,-15.683951411264333,-5.114503816793893
46.89762258529663,-7.804658726180618,-13.779699028984796,6.6106870229007635
47.00463843345642,-18.184553719745455,-15.996292166440787,-16.33587786259542
47.1116509437561,-20.147226944505594,-16.241987311953988,6.053435114503817
47.21873211860657,-19.974195888284186,-16.95961267903096,0.6030534351145038
47.32579755783081,-20.391924054730335,-15.545005153856149,24.885496183206108
47.43290185928345,-12.779411665735719,-13.309799174985004,22.48854961832061
47.53991365432739,-9.699019810715322,-13.356671943116572,-5.351145038167939
47.64671969413757,-13.856911075424888,-12.351041958058994,14.35114503816794
47.75331091880798,-13.334170808389059,-14.906308926995532,-25.0
47.86036205291748,-12.529661181445956,-12.54193876403986,23.99236641221374
47.967397689819336,-7.298051371433347,-6.403505936185355,61.030534351145036
48.074462890625,-2.0625023809439376,-6.5420053699455405,-8.465648854961833
48.181485176086426,7.340467057433099,-3.3446703136835363,9.053435114503817
48.28854179382324,9.202437861063167,0.8344969936361577,20.83206106870229
48.39554405212402,10.594298311193004,5.126562349469905,26.14503816793893
48.502623558044434,12.752298743969147,8.420612000037902,18.061068702290076
48.609593629837036,5.555460257418273,11.380913305099646,34.908396946564885
48.71663284301758,12.985035839367772,10.01746683230916,-22.366412213740457
48.82344055175781,9.854479514544263,10.23460872409444,-1.3129770992366412
48.930554151535034,12.739439721852161,12.805403667791174,20.16030534351145
49.037641525268555,10.943947645709526,12.122244793919897,-7.99236641221374
49.14467167854309,11.930656134584748,16.948729246746787,51.54961832061068
49.25187706947327,16.551273329409778,19.447507393993153,26.49618320610687
49.35956358909607,5.8224264486335535,14.871322522276161,-26.35114503816794
49.46685862541199,11.849512298699086,15.350958088963608,11.221374045801527
49.5739586353302,8.285805662279355,13.020905186026733,-11.68702290076336
49.68139386177063,10.894655031654693,15.49580067889187,33.79389312977099
49.78869295120239,8.040501611075848,13.56416871313907,-4.450381679389313
49.89610147476196,10.284282856917416,16.287296056584555,40.99236641221374
50.00331497192383,19.14051876943569,21.390141650382958,56.6412213740458
50.11083173751831,13.163765110390388,17.093948768611163,-27.00763358778626
50.218360900878906,8.199597299770938,9.086865549274739,-66.83969465648855
50.32586693763733,3.337995502662049,5.975634195931455,-17.557251908396946
50.43317222595215,-2.8947218561743973,1.3338237349507551,-28.061068702290076
50.54044699668884,-1.2132766336559344,0.8572935906192269,7.16793893129771
50.647684812545776,-5.012960396552817,-1.410344321969818,-6.000000000000001
50.75498700141907,-8.887514402556869,-5.308606574890178,-20.442748091603054
50.862271308898926,-1.7470159760907893,-6.672799538356924,-13.641221374045802
50.96970534324646,-7.030670683935428,-11.476079870605878,-45.58015267175573
51.0768256187439,-10.46702819139387,-13.227914997371418,-14.648854961832063
51.18383049964905,-10.840208666889925,-13.644550932845428,-2.877862595419847
51.29131603240967,-10.044435521321507,-16.344766616594484,-31.900763358778626
51.39882850646973,-14.805771475077599,-16.8770048458712,-4.251908396946565
51.50637149810791,-13.371660000435147,-17.582531569866163,-10.65648854961832
51.613858461380005,-4.068473198739771,-16.194807716781803,-8.259541984732824
51.72088956832886,-4.193198697395934,-14.95651051670312,-9.320610687022901
51.82831597328186,-8.627574297335562,-12.660838256310168,12.198473282442748
51.935460567474365,-1.8775557467644217,-8.673953175547338,21.419847328244273
52.042919874191284,-1.533204215550889,-8.491044723129724,-15.7175572519084
52.15002131462097,-2.360612021112444,-2.6080571954744034,49.76335877862596
52.2572455406189,-4.207348405911285,-0.8636011719926738,18.580152671755727
52.36457824707031,-11.212186652413198,-4.4614921223244055,-23.557251908396946
52.47187423706055,-12.708639103195761,-7.286790249591789,-17.786259541984734
52.57909607887268,-13.495798585354486,-10.960318500672178,-30.442748091603058
52.686397314071655,1.2176086755433453,-4.993799939640242,42.038167938931295
52.79363822937012,-8.543311280848705,-6.555475334623218,-12.648854961832061
52.90053176879883,-9.638611680455789,-4.955088440396029,22.778625954198475
53.007938385009766,-6.2326186103656,-3.48439058861034,18.572519083969464
53.11506724357605,-9.672545107888913,-5.46438285458833,-10.106870229007633
53.22263741493225,-6.055955907351811,-3.8654075092631834,19.977099236641223
53.329975605010986,-6.411525354101606,-3.326331469658653,12.320610687022901
53.43732190132141,0.2160764359004774,2.6861102679526527,62.71755725190839
53.544689893722534,8.078513022749371,3.000768758700347,-5.351145038167939
53.65168762207031,6.709864246280943,4.916880353306092,15.297709923664124
53.758880853652954,8.950047659570439,7.727995764883366,24.458015267175572
53.865872383117676,3.937911083835911,6.861414276200849,-1.6030534351145038
53.97279381752014,2.720921928019785,5.296722474050734,-8.251908396946565
54.07981467247009,3.350390498453526,3.5935345415718074,-13.84732824427481
54.18689250946045,4.115234808632251,1.8191641583740386,-19.64885496183206
54.29396176338196,4.456254840320007,1.8477106502076919,-3.908396946564885
54.4009747505188,4.089900234732755,1.1369149764035646,-12.045801526717558
54.50801658630371,-0.1641467330393887,0.4367025614673746,-5.251908396946565
54.615055322647095,-11.678769643864523,-1.9539323865422695,-2.1908396946564888
54.72207856178284,-13.663018271949218,-0.8427432685553967,38.83969465648855
54.8288938999176,-17.460692307401892,-6.3968791833131045,-24.450381679389313
54.93590021133423,-18.730466292690636,-11.4357295194943,-25.221374045801525
55.04295206069946,-25.40679493631995,-18.762652193629158,-46.38931297709924
55.14974927902222,-33.537139043598614,-23.004814503380757,-8.251908396946565
55.25679349899292,-21.2750720105654,-21.38937436836064,26.770992366412212
55.36380887031555,-3.766145602262735,-17.9552828280757,14.82442748091603
55.47086024284363,1.1351074470694962,-13.373848181281577,22.022900763358777
55.577929973602295,9.324184001006369,-9.856710603873726,-0.44274809160305345
55.68491053581238,-1.8951842106602157,-9.538773134101259,-10.511450381679388
55.79192757606506,-9.68916373186026,-6.594789687306665,34.541984732824424
55.89902949333191,12.209931614985276,-3.3900936128496113,-0.8015267175572519
56.00591588020325,1.7168544636469534,1.1041300584263778,38.83206106870229
56.112717151641846,-1.018148219291649,-1.8243520802734117,-31.04580152671756
56.219725608825684,-0.8020263199644304,-1.2616886976006274,2.183206106870229
56.326387882232666,-2.8495454875877066,-1.515246000756773,-1.8625954198473282
56.433374881744385,-1.988142168458221,-1.5448164322894542,-1.3282442748091603
56.54044270515442,-2.350149791771392,-1.5850112309273976,-0.6793893129770993
56.647254943847656,-1.6995350114994698,-1.5873245642612281,-1.5114503816793894
56.75455665588379,-1.497380124716921,-1.2519773436678476,1.9465648854961832
56.86117076873779,-2.4781907197493296,-1.4595807867414246,-1.4961832061068703
56.968175649642944,-1.4766680991041203,-1.3952980627635894,-0.6717557251908397
57.07523560523987,-2.8577265434324355,-1.6581606036517613,-1.4198473282442747
57.18242526054382,-2.0147975236054396,-1.6961819450510922,-0.8854961832061069
57.2894332408905,-2.028614435093449,-1.7562784146121195,-1.1221374045801527
57.39640736579895,-2.188678721669529,-1.8238076698570682,-0.9465648854961833
57.50339102745056,-1.779162808403037,-1.8359257873869586,-1.221374045801527
57.6104793548584,-2.736176544217077,-1.9958832833186517,-0.9770992366412212
57.71729230880737,-2.156061667085305,-2.0322424338062364,-0.9389312977099237
57.824294567108154,-2.7758908640193316,-2.1892363009199944,-1.0916030534351144
57.93133473396301,-2.810162792249106,-2.3278580670862863,-1.015267175572519
58.03844594955444,-1.73475068539356,-2.2643261077710153,-1.1068702290076335
58.14548325538635,-2.272617172258323,-2.313202507809522,-1.2595419847328244
58.25254487991333,-1.3623626064096062,-2.187819542907057,-1.251908396946565
58.35957932472229,-1.5890169580407958,-2.092507400933084,-1.0381679389312977
58.46669912338257,-1.462361620147415,-1.9799541138174708,-1.0076335877862594
58.57381987571716,-0.9861678024299545,-1.790003202428945,-0.9770992366412212
58.68086647987366,-46.71071199358577,-6.748890269895282,34.47328244274809
58.787883043289185,-5.732182143477212,-9.451853412879991,-26.099236641221374
58.894952058792114,-2.773777868658006,-9.033312188067168,-2.900763358778626
59.00197887420654,-1.010559743645767,-8.109981603365604,-1.16793893129771
59.10901069641113,-1.7192264124924967,-7.53718815059075,-3.2442748091603053
59.21600127220154,-7.779133695214788,-13.42249279325152,-64.38931297709924
59.32306909561157,-11.115719947001741,-21.6959176774622,-98.02290076335879
59.43012547492981,-30.858791567749837,-33.60674955386473,-117.98473282442748
59.53709840774536,-46.22938548312652,-37.484951573285926,-19.916030534351144
59.64407825469971,-6.147488849349235,-14.378432095150083,199.21374045801528
59.751120805740356,11.815199247294105,12.243886358264318,248.16030534351145
59.85825753211975,20.18611334081069,19.116878162710204,60.54961832061069
59.96529817581177,16.142740027353245,15.073365555925662,-41.61068702290076
